ingredient,count
all purpose flour,2
baking powder,2
chopped garlic,2
pcs of g oraka/g arcinia,1
of mackerel,1
/4 cup plain full fat yogurt,1
biryani masala powder,1
g oraka paste,1
/2 cup all purpose flour,1
finely chopped ginger,1
/2 tbsp finely chopped garlic,1
inch each,1
grated coconut(310 g = 11 oz,1
rapid rise yeast/fast acting yeast,1
g otu kola leaves with stalks,1
.5 cup chicken or vegetable broth/stock,1
/4 cup egg noodles or ramen noodles,1
ketchup,1
finely chopped garlic,1
wedges,1
emongrass crushed a l ittle bit,1
/2 tbsp chopped or sliced shallots/pearl onions/red pearl onion,1
meatballs,1
/2 cup thinly sliced onion cut into 1inch in l ength,1
of mackerel completely drained),1
/4 cup yellow onion/shallots finely chopped,1
finely chopped,1
/2 cup carrot chopped/ diced into small pcs,1
/3 cup chopped onion,1
corriander powder,1
bmeatballs,1
g oraka/g arcinia cambogia paste,1
/2 cup l eek g reen part sliced,1
/4 cup diced tomatoes/ 1 small tomato,1
l otus root,1
/4 cup g arcinia cambogia paste,1
yeast,1
-4 tbsp chopped onion,1
