title,ingredients,instructions,url,author,description
Tempered Kunisso,,,https://pulse.lk/pulse-recipes/tempered-kunisso-cooking-with-aunty-d/,Editor,
Dilmah Peachy Green Tea Mocktail,,,https://pulse.lk/pulse-recipes/dilmah-peachy-green-tea-mocktail-recipe/#respond,Editor,
Chocolate Biscuit Pudding,,,https://pulse.lk/pulse-recipes/chocolate-biscuit-pudding-recipe/,Editor,
Crescent Special Assorted Ramadan Pack,,,https://pulse.lk/pulse-recipes/crescent-special-assorted-ramadan-pack/,Editor,
Narang Kavum,,,https://pulse.lk/pulse-recipes/narang-kavum-recipe/#respond,Editor,
Dilmahâ€™s Ginger Iced Tea Milkshake,,,https://pulse.lk/pulse-recipes/ginger-iced-tea-milkshake-recipe/,Editor,
Marmite Chicken,,,https://pulse.lk/pulse-recipes/marmite-chicken-recipe/,Editor,
Beef Pepperoni Pizza,,,https://pulse.lk/pulse-recipes/beef-pepperoni-pizza-recipe/,Editor,
PULSE Recipes,,,https://pulse.lk/pulse-recipes/?filter_by=featured,,
Mushroom Stir Fry,,,https://pulse.lk/pulse-recipes/mushroom-stir-fry-cooking-with-aunty-d/,Editor,
Pol cake,,,https://pulse.lk/pulse-recipes/pol-cake-recipe/,Editor,
Beef Sausage and Mushroom Frittata,,,https://pulse.lk/pulse-recipes/beef-sausage-and-mushroom-frittata-recipe/,Editor,
Soya Curry,,,https://pulse.lk/pulse-recipes/soya-meat-curry-recipe/,Editor,
Pineapple Curry,,,https://pulse.lk/pulse-recipes/pineapple-curry-cooking-with-aunty-d-2/,Editor,
Recipe,,,https://pulse.lk/pulse-recipes/recipe-dilmah-almond-delight-tea-cocktail/,Editor,
Recipe,,,https://pulse.lk/pulse-recipes/recipe-dilmah-almond-delight-tea-cocktail/#respond,Editor,
